COGNITION,GROUP 1,GROUP 2,GROUP 3
MMSE,0.543161,0.57571,0.680543
CVLTCA,0.540022,0.581764,0.716512
CVLFRL,0.536495,0.595323,0.70368
BVR,0.545591,0.57911,0.683618
ATTEN,0.53353,0.580227,0.693052
FW,0.546144,0.57911,0.684532
DSF,0.544467,0.581183,0.685981
DSB,0.542852,0.580938,0.688515
CDT,0.545824,0.576827,0.683148
TATS,0.545545,0.581999,0.68731
TBTS,0.545545,0.581999,0.688926
CR,0.537485,0.607265,0.678389
IDP,0.540386,0.612386,0.693422